org.apache.commons.digester3.rss.Channel;[org.apache.commons.digester3.rss.Channel::ArrayList<Item> items, org.apache.commons.digester3.rss.Channel::addItem(Item):void, org.apache.commons.digester3.rss.Channel::findItems():Item[], org.apache.commons.digester3.rss.Channel::removeItem(Item):void, org.apache.commons.digester3.rss.Channel::String copyright, org.apache.commons.digester3.rss.Channel::getCopyright():String, org.apache.commons.digester3.rss.Channel::render(OutputStream):void, org.apache.commons.digester3.rss.Channel::render(OutputStream, String):void, org.apache.commons.digester3.rss.Channel::render(Writer, String):void, org.apache.commons.digester3.rss.Channel::String description, org.apache.commons.digester3.rss.Channel::getDescription():String, org.apache.commons.digester3.rss.Channel::String docs, org.apache.commons.digester3.rss.Channel::getDocs():String, org.apache.commons.digester3.rss.Channel::Image image, org.apache.commons.digester3.rss.Channel::getImage():Image, org.apache.commons.digester3.rss.Channel::String language, org.apache.commons.digester3.rss.Channel::getLanguage():String, org.apache.commons.digester3.rss.Channel::String lastBuildDate, org.apache.commons.digester3.rss.Channel::getLastBuildDate():String, org.apache.commons.digester3.rss.Channel::String link, org.apache.commons.digester3.rss.Channel::getLink():String, org.apache.commons.digester3.rss.Channel::String managingEditor, org.apache.commons.digester3.rss.Channel::getManagingEditor():String, org.apache.commons.digester3.rss.Channel::String pubDate, org.apache.commons.digester3.rss.Channel::getPubDate():String, org.apache.commons.digester3.rss.Channel::String rating, org.apache.commons.digester3.rss.Channel::getRating():String, org.apache.commons.digester3.rss.Channel::TextInput textInput, org.apache.commons.digester3.rss.Channel::getTextInput():TextInput, org.apache.commons.digester3.rss.Channel::String title, org.apache.commons.digester3.rss.Channel::getTitle():String, org.apache.commons.digester3.rss.Channel::String webMaster, org.apache.commons.digester3.rss.Channel::getWebMaster():String, org.apache.commons.digester3.rss.Channel::render(PrintWriter, String):void, org.apache.commons.digester3.rss.Channel::ArrayList<String> skipDays, org.apache.commons.digester3.rss.Channel::addSkipDay(String):void, org.apache.commons.digester3.rss.Channel::findSkipDays():String[], org.apache.commons.digester3.rss.Channel::removeSkipDay(String):void, org.apache.commons.digester3.rss.Channel::ArrayList<String> skipHours, org.apache.commons.digester3.rss.Channel::addSkipHour(String):void, org.apache.commons.digester3.rss.Channel::findSkipHours():String[], org.apache.commons.digester3.rss.Channel::removeSkipHour(String):void]
org.apache.commons.digester3.rss.Channel;[org.apache.commons.digester3.rss.Channel::ArrayList<Item> items, org.apache.commons.digester3.rss.Channel::addItem(Item):void, org.apache.commons.digester3.rss.Channel::findItems():Item[], org.apache.commons.digester3.rss.Channel::removeItem(Item):void]
org.apache.commons.digester3.rss.Channel;[org.apache.commons.digester3.rss.Channel::ArrayList<String> skipDays, org.apache.commons.digester3.rss.Channel::addSkipDay(String):void, org.apache.commons.digester3.rss.Channel::findSkipDays():String[], org.apache.commons.digester3.rss.Channel::removeSkipDay(String):void]
org.apache.commons.digester3.rss.Channel;[org.apache.commons.digester3.rss.Channel::ArrayList<String> skipHours, org.apache.commons.digester3.rss.Channel::addSkipHour(String):void, org.apache.commons.digester3.rss.Channel::findSkipHours():String[], org.apache.commons.digester3.rss.Channel::removeSkipHour(String):void]
org.apache.commons.digester3.rss.Channel;[org.apache.commons.digester3.rss.Channel::ArrayList<Item> items, org.apache.commons.digester3.rss.Channel::addItem(Item):void, org.apache.commons.digester3.rss.Channel::findItems():Item[], org.apache.commons.digester3.rss.Channel::removeItem(Item):void, org.apache.commons.digester3.rss.Channel::String copyright, org.apache.commons.digester3.rss.Channel::getCopyright():String, org.apache.commons.digester3.rss.Channel::render(OutputStream):void, org.apache.commons.digester3.rss.Channel::render(OutputStream, String):void, org.apache.commons.digester3.rss.Channel::render(Writer, String):void, org.apache.commons.digester3.rss.Channel::String description, org.apache.commons.digester3.rss.Channel::getDescription():String, org.apache.commons.digester3.rss.Channel::String docs, org.apache.commons.digester3.rss.Channel::getDocs():String, org.apache.commons.digester3.rss.Channel::Image image, org.apache.commons.digester3.rss.Channel::getImage():Image, org.apache.commons.digester3.rss.Channel::String language, org.apache.commons.digester3.rss.Channel::getLanguage():String, org.apache.commons.digester3.rss.Channel::String lastBuildDate, org.apache.commons.digester3.rss.Channel::getLastBuildDate():String, org.apache.commons.digester3.rss.Channel::String link, org.apache.commons.digester3.rss.Channel::getLink():String, org.apache.commons.digester3.rss.Channel::String managingEditor, org.apache.commons.digester3.rss.Channel::getManagingEditor():String, org.apache.commons.digester3.rss.Channel::String pubDate, org.apache.commons.digester3.rss.Channel::getPubDate():String, org.apache.commons.digester3.rss.Channel::String rating, org.apache.commons.digester3.rss.Channel::getRating():String, org.apache.commons.digester3.rss.Channel::TextInput textInput, org.apache.commons.digester3.rss.Channel::getTextInput():TextInput, org.apache.commons.digester3.rss.Channel::String title, org.apache.commons.digester3.rss.Channel::getTitle():String, org.apache.commons.digester3.rss.Channel::String webMaster, org.apache.commons.digester3.rss.Channel::getWebMaster():String, org.apache.commons.digester3.rss.Channel::render(PrintWriter, String):void, org.apache.commons.digester3.rss.Channel::ArrayList<String> skipDays, org.apache.commons.digester3.rss.Channel::addSkipDay(String):void, org.apache.commons.digester3.rss.Channel::findSkipDays():String[], org.apache.commons.digester3.rss.Channel::removeSkipDay(String):void]
org.apache.commons.digester3.rss.Channel;[org.apache.commons.digester3.rss.Channel::String copyright, org.apache.commons.digester3.rss.Channel::getCopyright():String, org.apache.commons.digester3.rss.Channel::render(OutputStream):void, org.apache.commons.digester3.rss.Channel::render(OutputStream, String):void, org.apache.commons.digester3.rss.Channel::render(Writer, String):void, org.apache.commons.digester3.rss.Channel::String description, org.apache.commons.digester3.rss.Channel::getDescription():String, org.apache.commons.digester3.rss.Channel::String docs, org.apache.commons.digester3.rss.Channel::getDocs():String, org.apache.commons.digester3.rss.Channel::Image image, org.apache.commons.digester3.rss.Channel::getImage():Image, org.apache.commons.digester3.rss.Channel::String language, org.apache.commons.digester3.rss.Channel::getLanguage():String, org.apache.commons.digester3.rss.Channel::String lastBuildDate, org.apache.commons.digester3.rss.Channel::getLastBuildDate():String, org.apache.commons.digester3.rss.Channel::String link, org.apache.commons.digester3.rss.Channel::getLink():String, org.apache.commons.digester3.rss.Channel::String managingEditor, org.apache.commons.digester3.rss.Channel::getManagingEditor():String, org.apache.commons.digester3.rss.Channel::String pubDate, org.apache.commons.digester3.rss.Channel::getPubDate():String, org.apache.commons.digester3.rss.Channel::String rating, org.apache.commons.digester3.rss.Channel::getRating():String, org.apache.commons.digester3.rss.Channel::TextInput textInput, org.apache.commons.digester3.rss.Channel::getTextInput():TextInput, org.apache.commons.digester3.rss.Channel::String title, org.apache.commons.digester3.rss.Channel::getTitle():String]
org.apache.commons.digester3.rss.Channel;[org.apache.commons.digester3.rss.Channel::String copyright, org.apache.commons.digester3.rss.Channel::getCopyright():String, org.apache.commons.digester3.rss.Channel::render(OutputStream):void, org.apache.commons.digester3.rss.Channel::render(OutputStream, String):void, org.apache.commons.digester3.rss.Channel::render(Writer, String):void, org.apache.commons.digester3.rss.Channel::String description, org.apache.commons.digester3.rss.Channel::getDescription():String, org.apache.commons.digester3.rss.Channel::String docs, org.apache.commons.digester3.rss.Channel::getDocs():String, org.apache.commons.digester3.rss.Channel::Image image, org.apache.commons.digester3.rss.Channel::getImage():Image, org.apache.commons.digester3.rss.Channel::String language, org.apache.commons.digester3.rss.Channel::getLanguage():String, org.apache.commons.digester3.rss.Channel::String lastBuildDate, org.apache.commons.digester3.rss.Channel::getLastBuildDate():String, org.apache.commons.digester3.rss.Channel::String link, org.apache.commons.digester3.rss.Channel::getLink():String, org.apache.commons.digester3.rss.Channel::String managingEditor, org.apache.commons.digester3.rss.Channel::getManagingEditor():String, org.apache.commons.digester3.rss.Channel::String pubDate, org.apache.commons.digester3.rss.Channel::getPubDate():String, org.apache.commons.digester3.rss.Channel::String rating, org.apache.commons.digester3.rss.Channel::getRating():String, org.apache.commons.digester3.rss.Channel::TextInput textInput, org.apache.commons.digester3.rss.Channel::getTextInput():TextInput]
org.apache.commons.digester3.rss.Channel;[org.apache.commons.digester3.rss.Channel::String copyright, org.apache.commons.digester3.rss.Channel::getCopyright():String, org.apache.commons.digester3.rss.Channel::render(OutputStream):void, org.apache.commons.digester3.rss.Channel::render(OutputStream, String):void, org.apache.commons.digester3.rss.Channel::render(Writer, String):void, org.apache.commons.digester3.rss.Channel::String description, org.apache.commons.digester3.rss.Channel::getDescription():String, org.apache.commons.digester3.rss.Channel::String docs, org.apache.commons.digester3.rss.Channel::getDocs():String, org.apache.commons.digester3.rss.Channel::Image image, org.apache.commons.digester3.rss.Channel::getImage():Image, org.apache.commons.digester3.rss.Channel::String language, org.apache.commons.digester3.rss.Channel::getLanguage():String, org.apache.commons.digester3.rss.Channel::String lastBuildDate, org.apache.commons.digester3.rss.Channel::getLastBuildDate():String, org.apache.commons.digester3.rss.Channel::String link, org.apache.commons.digester3.rss.Channel::getLink():String, org.apache.commons.digester3.rss.Channel::String managingEditor, org.apache.commons.digester3.rss.Channel::getManagingEditor():String, org.apache.commons.digester3.rss.Channel::String pubDate, org.apache.commons.digester3.rss.Channel::getPubDate():String, org.apache.commons.digester3.rss.Channel::String rating, org.apache.commons.digester3.rss.Channel::getRating():String]
org.apache.commons.digester3.rss.Channel;[org.apache.commons.digester3.rss.Channel::String copyright, org.apache.commons.digester3.rss.Channel::getCopyright():String, org.apache.commons.digester3.rss.Channel::render(OutputStream):void, org.apache.commons.digester3.rss.Channel::render(OutputStream, String):void, org.apache.commons.digester3.rss.Channel::render(Writer, String):void, org.apache.commons.digester3.rss.Channel::String description, org.apache.commons.digester3.rss.Channel::getDescription():String, org.apache.commons.digester3.rss.Channel::String docs, org.apache.commons.digester3.rss.Channel::getDocs():String, org.apache.commons.digester3.rss.Channel::Image image, org.apache.commons.digester3.rss.Channel::getImage():Image, org.apache.commons.digester3.rss.Channel::String language, org.apache.commons.digester3.rss.Channel::getLanguage():String, org.apache.commons.digester3.rss.Channel::String lastBuildDate, org.apache.commons.digester3.rss.Channel::getLastBuildDate():String, org.apache.commons.digester3.rss.Channel::String link, org.apache.commons.digester3.rss.Channel::getLink():String, org.apache.commons.digester3.rss.Channel::String managingEditor, org.apache.commons.digester3.rss.Channel::getManagingEditor():String, org.apache.commons.digester3.rss.Channel::String pubDate, org.apache.commons.digester3.rss.Channel::getPubDate():String]
org.apache.commons.digester3.rss.Channel;[org.apache.commons.digester3.rss.Channel::String copyright, org.apache.commons.digester3.rss.Channel::getCopyright():String, org.apache.commons.digester3.rss.Channel::render(OutputStream):void, org.apache.commons.digester3.rss.Channel::render(OutputStream, String):void, org.apache.commons.digester3.rss.Channel::render(Writer, String):void, org.apache.commons.digester3.rss.Channel::String description, org.apache.commons.digester3.rss.Channel::getDescription():String, org.apache.commons.digester3.rss.Channel::String docs, org.apache.commons.digester3.rss.Channel::getDocs():String, org.apache.commons.digester3.rss.Channel::Image image, org.apache.commons.digester3.rss.Channel::getImage():Image, org.apache.commons.digester3.rss.Channel::String language, org.apache.commons.digester3.rss.Channel::getLanguage():String, org.apache.commons.digester3.rss.Channel::String lastBuildDate, org.apache.commons.digester3.rss.Channel::getLastBuildDate():String, org.apache.commons.digester3.rss.Channel::String link, org.apache.commons.digester3.rss.Channel::getLink():String, org.apache.commons.digester3.rss.Channel::String managingEditor, org.apache.commons.digester3.rss.Channel::getManagingEditor():String]
org.apache.commons.digester3.rss.Channel;[org.apache.commons.digester3.rss.Channel::String copyright, org.apache.commons.digester3.rss.Channel::getCopyright():String, org.apache.commons.digester3.rss.Channel::render(OutputStream):void, org.apache.commons.digester3.rss.Channel::render(OutputStream, String):void, org.apache.commons.digester3.rss.Channel::render(Writer, String):void, org.apache.commons.digester3.rss.Channel::String description, org.apache.commons.digester3.rss.Channel::getDescription():String, org.apache.commons.digester3.rss.Channel::String docs, org.apache.commons.digester3.rss.Channel::getDocs():String, org.apache.commons.digester3.rss.Channel::Image image, org.apache.commons.digester3.rss.Channel::getImage():Image, org.apache.commons.digester3.rss.Channel::String language, org.apache.commons.digester3.rss.Channel::getLanguage():String, org.apache.commons.digester3.rss.Channel::String lastBuildDate, org.apache.commons.digester3.rss.Channel::getLastBuildDate():String, org.apache.commons.digester3.rss.Channel::String link, org.apache.commons.digester3.rss.Channel::getLink():String]
org.apache.commons.digester3.rss.Channel;[org.apache.commons.digester3.rss.Channel::String copyright, org.apache.commons.digester3.rss.Channel::getCopyright():String, org.apache.commons.digester3.rss.Channel::render(OutputStream):void, org.apache.commons.digester3.rss.Channel::render(OutputStream, String):void, org.apache.commons.digester3.rss.Channel::render(Writer, String):void, org.apache.commons.digester3.rss.Channel::String description, org.apache.commons.digester3.rss.Channel::getDescription():String, org.apache.commons.digester3.rss.Channel::String docs, org.apache.commons.digester3.rss.Channel::getDocs():String, org.apache.commons.digester3.rss.Channel::Image image, org.apache.commons.digester3.rss.Channel::getImage():Image, org.apache.commons.digester3.rss.Channel::String language, org.apache.commons.digester3.rss.Channel::getLanguage():String, org.apache.commons.digester3.rss.Channel::String lastBuildDate, org.apache.commons.digester3.rss.Channel::getLastBuildDate():String]
org.apache.commons.digester3.rss.Channel;[org.apache.commons.digester3.rss.Channel::String copyright, org.apache.commons.digester3.rss.Channel::getCopyright():String, org.apache.commons.digester3.rss.Channel::render(OutputStream):void, org.apache.commons.digester3.rss.Channel::render(OutputStream, String):void, org.apache.commons.digester3.rss.Channel::render(Writer, String):void, org.apache.commons.digester3.rss.Channel::String description, org.apache.commons.digester3.rss.Channel::getDescription():String, org.apache.commons.digester3.rss.Channel::String docs, org.apache.commons.digester3.rss.Channel::getDocs():String, org.apache.commons.digester3.rss.Channel::Image image, org.apache.commons.digester3.rss.Channel::getImage():Image, org.apache.commons.digester3.rss.Channel::String language, org.apache.commons.digester3.rss.Channel::getLanguage():String]
org.apache.commons.digester3.rss.Channel;[org.apache.commons.digester3.rss.Channel::String copyright, org.apache.commons.digester3.rss.Channel::getCopyright():String, org.apache.commons.digester3.rss.Channel::render(OutputStream):void, org.apache.commons.digester3.rss.Channel::render(OutputStream, String):void, org.apache.commons.digester3.rss.Channel::render(Writer, String):void, org.apache.commons.digester3.rss.Channel::String description, org.apache.commons.digester3.rss.Channel::getDescription():String, org.apache.commons.digester3.rss.Channel::String docs, org.apache.commons.digester3.rss.Channel::getDocs():String, org.apache.commons.digester3.rss.Channel::Image image, org.apache.commons.digester3.rss.Channel::getImage():Image]
org.apache.commons.digester3.rss.Channel;[org.apache.commons.digester3.rss.Channel::String copyright, org.apache.commons.digester3.rss.Channel::getCopyright():String, org.apache.commons.digester3.rss.Channel::render(OutputStream):void, org.apache.commons.digester3.rss.Channel::render(OutputStream, String):void, org.apache.commons.digester3.rss.Channel::render(Writer, String):void, org.apache.commons.digester3.rss.Channel::String description, org.apache.commons.digester3.rss.Channel::getDescription():String, org.apache.commons.digester3.rss.Channel::String docs, org.apache.commons.digester3.rss.Channel::getDocs():String]
org.apache.commons.digester3.rss.Channel;[org.apache.commons.digester3.rss.Channel::String copyright, org.apache.commons.digester3.rss.Channel::getCopyright():String, org.apache.commons.digester3.rss.Channel::render(OutputStream):void, org.apache.commons.digester3.rss.Channel::render(OutputStream, String):void, org.apache.commons.digester3.rss.Channel::render(Writer, String):void, org.apache.commons.digester3.rss.Channel::String description, org.apache.commons.digester3.rss.Channel::getDescription():String]
org.apache.commons.digester3.rss.Channel;[org.apache.commons.digester3.rss.Channel::String copyright, org.apache.commons.digester3.rss.Channel::getCopyright():String, org.apache.commons.digester3.rss.Channel::render(OutputStream):void, org.apache.commons.digester3.rss.Channel::render(OutputStream, String):void, org.apache.commons.digester3.rss.Channel::render(Writer, String):void]
org.apache.commons.digester3.rss.Channel;[org.apache.commons.digester3.rss.Channel::ArrayList<Item> items, org.apache.commons.digester3.rss.Channel::addItem(Item):void, org.apache.commons.digester3.rss.Channel::findItems():Item[], org.apache.commons.digester3.rss.Channel::removeItem(Item):void, org.apache.commons.digester3.rss.Channel::String copyright, org.apache.commons.digester3.rss.Channel::getCopyright():String, org.apache.commons.digester3.rss.Channel::render(OutputStream):void, org.apache.commons.digester3.rss.Channel::render(OutputStream, String):void, org.apache.commons.digester3.rss.Channel::render(Writer, String):void, org.apache.commons.digester3.rss.Channel::String description, org.apache.commons.digester3.rss.Channel::getDescription():String, org.apache.commons.digester3.rss.Channel::String docs, org.apache.commons.digester3.rss.Channel::getDocs():String, org.apache.commons.digester3.rss.Channel::Image image, org.apache.commons.digester3.rss.Channel::getImage():Image, org.apache.commons.digester3.rss.Channel::String language, org.apache.commons.digester3.rss.Channel::getLanguage():String, org.apache.commons.digester3.rss.Channel::String lastBuildDate, org.apache.commons.digester3.rss.Channel::getLastBuildDate():String, org.apache.commons.digester3.rss.Channel::String link, org.apache.commons.digester3.rss.Channel::getLink():String, org.apache.commons.digester3.rss.Channel::String managingEditor, org.apache.commons.digester3.rss.Channel::getManagingEditor():String, org.apache.commons.digester3.rss.Channel::String pubDate, org.apache.commons.digester3.rss.Channel::getPubDate():String, org.apache.commons.digester3.rss.Channel::String rating, org.apache.commons.digester3.rss.Channel::getRating():String, org.apache.commons.digester3.rss.Channel::TextInput textInput, org.apache.commons.digester3.rss.Channel::getTextInput():TextInput, org.apache.commons.digester3.rss.Channel::String title, org.apache.commons.digester3.rss.Channel::getTitle():String, org.apache.commons.digester3.rss.Channel::String webMaster, org.apache.commons.digester3.rss.Channel::getWebMaster():String, org.apache.commons.digester3.rss.Channel::render(PrintWriter, String):void]
org.apache.commons.digester3.binder.DigesterLoader;[org.apache.commons.digester3.binder.DigesterLoader::DefaultRulesBinder rulesBinder, org.apache.commons.digester3.binder.DigesterLoader::createRuleSet():RuleSet, org.apache.commons.digester3.binder.DigesterLoader::Iterable<RulesModule> rulesModules, org.apache.commons.digester3.binder.DigesterLoader::setClassLoader(ClassLoader):org.apache.commons.digester3.binder.DigesterLoader, org.apache.commons.digester3.binder.DigesterLoader::BinderClassLoader classLoader, org.apache.commons.digester3.binder.DigesterLoader::addRules(Digester):void, org.apache.commons.digester3.binder.DigesterLoader::Substitutor substitutor, org.apache.commons.digester3.binder.DigesterLoader::setSubstitutor(Substitutor):org.apache.commons.digester3.binder.DigesterLoader, org.apache.commons.digester3.binder.DigesterLoader::EntityResolver entityResolver, org.apache.commons.digester3.binder.DigesterLoader::setEntityResolver(EntityResolver):org.apache.commons.digester3.binder.DigesterLoader, org.apache.commons.digester3.binder.DigesterLoader::StackAction stackAction, org.apache.commons.digester3.binder.DigesterLoader::setStackAction(StackAction):org.apache.commons.digester3.binder.DigesterLoader, org.apache.commons.digester3.binder.DigesterLoader::ExecutorService executorService, org.apache.commons.digester3.binder.DigesterLoader::setExecutorService(ExecutorService):org.apache.commons.digester3.binder.DigesterLoader, org.apache.commons.digester3.binder.DigesterLoader::Locator locator, org.apache.commons.digester3.binder.DigesterLoader::setDocumentLocator(Locator):org.apache.commons.digester3.binder.DigesterLoader, org.apache.commons.digester3.binder.DigesterLoader::Map<String,URL> entityValidator, org.apache.commons.digester3.binder.DigesterLoader::register(String, URL):org.apache.commons.digester3.binder.DigesterLoader, org.apache.commons.digester3.binder.DigesterLoader::getRegistrations():Map<String,URL>, org.apache.commons.digester3.binder.DigesterLoader::register(String, String):org.apache.commons.digester3.binder.DigesterLoader]
org.apache.commons.digester3.binder.DigesterLoader;[org.apache.commons.digester3.binder.DigesterLoader::DefaultRulesBinder rulesBinder, org.apache.commons.digester3.binder.DigesterLoader::createRuleSet():RuleSet, org.apache.commons.digester3.binder.DigesterLoader::Iterable<RulesModule> rulesModules, org.apache.commons.digester3.binder.DigesterLoader::setClassLoader(ClassLoader):org.apache.commons.digester3.binder.DigesterLoader, org.apache.commons.digester3.binder.DigesterLoader::BinderClassLoader classLoader, org.apache.commons.digester3.binder.DigesterLoader::addRules(Digester):void, org.apache.commons.digester3.binder.DigesterLoader::Substitutor substitutor, org.apache.commons.digester3.binder.DigesterLoader::setSubstitutor(Substitutor):org.apache.commons.digester3.binder.DigesterLoader, org.apache.commons.digester3.binder.DigesterLoader::EntityResolver entityResolver, org.apache.commons.digester3.binder.DigesterLoader::setEntityResolver(EntityResolver):org.apache.commons.digester3.binder.DigesterLoader, org.apache.commons.digester3.binder.DigesterLoader::StackAction stackAction, org.apache.commons.digester3.binder.DigesterLoader::setStackAction(StackAction):org.apache.commons.digester3.binder.DigesterLoader, org.apache.commons.digester3.binder.DigesterLoader::ExecutorService executorService, org.apache.commons.digester3.binder.DigesterLoader::setExecutorService(ExecutorService):org.apache.commons.digester3.binder.DigesterLoader, org.apache.commons.digester3.binder.DigesterLoader::Locator locator, org.apache.commons.digester3.binder.DigesterLoader::setDocumentLocator(Locator):org.apache.commons.digester3.binder.DigesterLoader]
org.apache.commons.digester3.binder.DigesterLoader;[org.apache.commons.digester3.binder.DigesterLoader::DefaultRulesBinder rulesBinder, org.apache.commons.digester3.binder.DigesterLoader::createRuleSet():RuleSet, org.apache.commons.digester3.binder.DigesterLoader::Iterable<RulesModule> rulesModules, org.apache.commons.digester3.binder.DigesterLoader::setClassLoader(ClassLoader):org.apache.commons.digester3.binder.DigesterLoader, org.apache.commons.digester3.binder.DigesterLoader::BinderClassLoader classLoader, org.apache.commons.digester3.binder.DigesterLoader::addRules(Digester):void, org.apache.commons.digester3.binder.DigesterLoader::Substitutor substitutor, org.apache.commons.digester3.binder.DigesterLoader::setSubstitutor(Substitutor):org.apache.commons.digester3.binder.DigesterLoader, org.apache.commons.digester3.binder.DigesterLoader::EntityResolver entityResolver, org.apache.commons.digester3.binder.DigesterLoader::setEntityResolver(EntityResolver):org.apache.commons.digester3.binder.DigesterLoader, org.apache.commons.digester3.binder.DigesterLoader::StackAction stackAction, org.apache.commons.digester3.binder.DigesterLoader::setStackAction(StackAction):org.apache.commons.digester3.binder.DigesterLoader, org.apache.commons.digester3.binder.DigesterLoader::ExecutorService executorService, org.apache.commons.digester3.binder.DigesterLoader::setExecutorService(ExecutorService):org.apache.commons.digester3.binder.DigesterLoader]
org.apache.commons.digester3.binder.DigesterLoader;[org.apache.commons.digester3.binder.DigesterLoader::DefaultRulesBinder rulesBinder, org.apache.commons.digester3.binder.DigesterLoader::createRuleSet():RuleSet, org.apache.commons.digester3.binder.DigesterLoader::Iterable<RulesModule> rulesModules, org.apache.commons.digester3.binder.DigesterLoader::setClassLoader(ClassLoader):org.apache.commons.digester3.binder.DigesterLoader, org.apache.commons.digester3.binder.DigesterLoader::BinderClassLoader classLoader, org.apache.commons.digester3.binder.DigesterLoader::addRules(Digester):void, org.apache.commons.digester3.binder.DigesterLoader::Substitutor substitutor, org.apache.commons.digester3.binder.DigesterLoader::setSubstitutor(Substitutor):org.apache.commons.digester3.binder.DigesterLoader, org.apache.commons.digester3.binder.DigesterLoader::EntityResolver entityResolver, org.apache.commons.digester3.binder.DigesterLoader::setEntityResolver(EntityResolver):org.apache.commons.digester3.binder.DigesterLoader, org.apache.commons.digester3.binder.DigesterLoader::StackAction stackAction, org.apache.commons.digester3.binder.DigesterLoader::setStackAction(StackAction):org.apache.commons.digester3.binder.DigesterLoader]
org.apache.commons.digester3.binder.DigesterLoader;[org.apache.commons.digester3.binder.DigesterLoader::DefaultRulesBinder rulesBinder, org.apache.commons.digester3.binder.DigesterLoader::createRuleSet():RuleSet, org.apache.commons.digester3.binder.DigesterLoader::Iterable<RulesModule> rulesModules, org.apache.commons.digester3.binder.DigesterLoader::setClassLoader(ClassLoader):org.apache.commons.digester3.binder.DigesterLoader, org.apache.commons.digester3.binder.DigesterLoader::BinderClassLoader classLoader, org.apache.commons.digester3.binder.DigesterLoader::addRules(Digester):void, org.apache.commons.digester3.binder.DigesterLoader::Substitutor substitutor, org.apache.commons.digester3.binder.DigesterLoader::setSubstitutor(Substitutor):org.apache.commons.digester3.binder.DigesterLoader, org.apache.commons.digester3.binder.DigesterLoader::EntityResolver entityResolver, org.apache.commons.digester3.binder.DigesterLoader::setEntityResolver(EntityResolver):org.apache.commons.digester3.binder.DigesterLoader]
org.apache.commons.digester3.binder.DigesterLoader;[org.apache.commons.digester3.binder.DigesterLoader::DefaultRulesBinder rulesBinder, org.apache.commons.digester3.binder.DigesterLoader::createRuleSet():RuleSet, org.apache.commons.digester3.binder.DigesterLoader::Iterable<RulesModule> rulesModules, org.apache.commons.digester3.binder.DigesterLoader::setClassLoader(ClassLoader):org.apache.commons.digester3.binder.DigesterLoader, org.apache.commons.digester3.binder.DigesterLoader::BinderClassLoader classLoader, org.apache.commons.digester3.binder.DigesterLoader::addRules(Digester):void, org.apache.commons.digester3.binder.DigesterLoader::Substitutor substitutor, org.apache.commons.digester3.binder.DigesterLoader::setSubstitutor(Substitutor):org.apache.commons.digester3.binder.DigesterLoader]
org.apache.commons.digester3.binder.DigesterLoader;[org.apache.commons.digester3.binder.DigesterLoader::DefaultRulesBinder rulesBinder, org.apache.commons.digester3.binder.DigesterLoader::createRuleSet():RuleSet, org.apache.commons.digester3.binder.DigesterLoader::Iterable<RulesModule> rulesModules, org.apache.commons.digester3.binder.DigesterLoader::setClassLoader(ClassLoader):org.apache.commons.digester3.binder.DigesterLoader, org.apache.commons.digester3.binder.DigesterLoader::BinderClassLoader classLoader, org.apache.commons.digester3.binder.DigesterLoader::addRules(Digester):void]
org.apache.commons.digester3.binder.DigesterLoader;[org.apache.commons.digester3.binder.DigesterLoader::Map<String,URL> entityValidator, org.apache.commons.digester3.binder.DigesterLoader::register(String, URL):org.apache.commons.digester3.binder.DigesterLoader, org.apache.commons.digester3.binder.DigesterLoader::getRegistrations():Map<String,URL>, org.apache.commons.digester3.binder.DigesterLoader::register(String, String):org.apache.commons.digester3.binder.DigesterLoader]
org.apache.commons.digester3.binder.DigesterLoader;[org.apache.commons.digester3.binder.DigesterLoader::ErrorHandler errorHandler, org.apache.commons.digester3.binder.DigesterLoader::getErrorHandler():ErrorHandler, org.apache.commons.digester3.binder.DigesterLoader::setErrorHandler(ErrorHandler):org.apache.commons.digester3.binder.DigesterLoader]
org.apache.commons.digester3.binder.DigesterLoader;[org.apache.commons.digester3.binder.DigesterLoader::DefaultRulesBinder rulesBinder, org.apache.commons.digester3.binder.DigesterLoader::createRuleSet():RuleSet, org.apache.commons.digester3.binder.DigesterLoader::Iterable<RulesModule> rulesModules, org.apache.commons.digester3.binder.DigesterLoader::setClassLoader(ClassLoader):org.apache.commons.digester3.binder.DigesterLoader, org.apache.commons.digester3.binder.DigesterLoader::BinderClassLoader classLoader, org.apache.commons.digester3.binder.DigesterLoader::addRules(Digester):void, org.apache.commons.digester3.binder.DigesterLoader::Substitutor substitutor, org.apache.commons.digester3.binder.DigesterLoader::setSubstitutor(Substitutor):org.apache.commons.digester3.binder.DigesterLoader, org.apache.commons.digester3.binder.DigesterLoader::EntityResolver entityResolver, org.apache.commons.digester3.binder.DigesterLoader::setEntityResolver(EntityResolver):org.apache.commons.digester3.binder.DigesterLoader, org.apache.commons.digester3.binder.DigesterLoader::StackAction stackAction, org.apache.commons.digester3.binder.DigesterLoader::setStackAction(StackAction):org.apache.commons.digester3.binder.DigesterLoader, org.apache.commons.digester3.binder.DigesterLoader::ExecutorService executorService, org.apache.commons.digester3.binder.DigesterLoader::setExecutorService(ExecutorService):org.apache.commons.digester3.binder.DigesterLoader, org.apache.commons.digester3.binder.DigesterLoader::Locator locator, org.apache.commons.digester3.binder.DigesterLoader::setDocumentLocator(Locator):org.apache.commons.digester3.binder.DigesterLoader, org.apache.commons.digester3.binder.DigesterLoader::Map<String,URL> entityValidator, org.apache.commons.digester3.binder.DigesterLoader::register(String, URL):org.apache.commons.digester3.binder.DigesterLoader, org.apache.commons.digester3.binder.DigesterLoader::getRegistrations():Map<String,URL>, org.apache.commons.digester3.binder.DigesterLoader::register(String, String):org.apache.commons.digester3.binder.DigesterLoader, org.apache.commons.digester3.binder.DigesterLoader::ErrorHandler errorHandler, org.apache.commons.digester3.binder.DigesterLoader::getErrorHandler():ErrorHandler, org.apache.commons.digester3.binder.DigesterLoader::setErrorHandler(ErrorHandler):org.apache.commons.digester3.binder.DigesterLoader, org.apache.commons.digester3.binder.DigesterLoader::newDigester(XMLReader, Rules):Digester]
org.apache.commons.digester3.plugins.PluginRules;[org.apache.commons.digester3.plugins.PluginRules::Digester digester, org.apache.commons.digester3.plugins.PluginRules::String mountPoint, org.apache.commons.digester3.plugins.PluginRules::setDigester(Digester):void, org.apache.commons.digester3.plugins.PluginRules::add(String, Rule):void, org.apache.commons.digester3.plugins.PluginRules::match(String, String, String, Attributes):List<Rule>, org.apache.commons.digester3.plugins.PluginRules::Rules decoratedRules, org.apache.commons.digester3.plugins.PluginRules::org.apache.commons.digester3.plugins.PluginRules parent]
org.apache.commons.digester3.plugins.PluginRules;[org.apache.commons.digester3.plugins.PluginRules::Digester digester, org.apache.commons.digester3.plugins.PluginRules::String mountPoint, org.apache.commons.digester3.plugins.PluginRules::setDigester(Digester):void, org.apache.commons.digester3.plugins.PluginRules::add(String, Rule):void, org.apache.commons.digester3.plugins.PluginRules::match(String, String, String, Attributes):List<Rule>, org.apache.commons.digester3.plugins.PluginRules::Rules decoratedRules, org.apache.commons.digester3.plugins.PluginRules::org.apache.commons.digester3.plugins.PluginRules parent, org.apache.commons.digester3.plugins.PluginRules::getNamespaceURI():String, org.apache.commons.digester3.plugins.PluginRules::setNamespaceURI(String):void, org.apache.commons.digester3.plugins.PluginRules::rules():List<Rule>]
org.apache.commons.digester3.plugins.PluginRules;[org.apache.commons.digester3.plugins.PluginRules::PluginContext pluginContext, org.apache.commons.digester3.plugins.PluginRules::getRuleFinders():List<RuleFinder>, org.apache.commons.digester3.plugins.PluginRules::setRuleFinders(List<RuleFinder>):void, org.apache.commons.digester3.plugins.PluginRules::setPluginClassAttribute(String, String):void, org.apache.commons.digester3.plugins.PluginRules::setPluginIdAttribute(String, String):void, org.apache.commons.digester3.plugins.PluginRules::getPluginClassAttrNs():String, org.apache.commons.digester3.plugins.PluginRules::getPluginClassAttr():String, org.apache.commons.digester3.plugins.PluginRules::getPluginIdAttrNs():String, org.apache.commons.digester3.plugins.PluginRules::getPluginIdAttr():String]
org.apache.commons.digester3.Digester;[org.apache.commons.digester3.Digester::Rules rules, org.apache.commons.digester3.Digester::getRules():Rules, org.apache.commons.digester3.Digester::setRules(Rules):void, org.apache.commons.digester3.Digester::getRuleNamespaceURI():String, org.apache.commons.digester3.Digester::setRuleNamespaceURI(String):void, org.apache.commons.digester3.Digester::addRule(String, Rule):void, org.apache.commons.digester3.Digester::addFactoryCreate(String, ObjectCreationFactory<?>, boolean):void]
org.apache.commons.digester3.Digester;[org.apache.commons.digester3.Digester::HashMap<String,URL> entityValidator, org.apache.commons.digester3.Digester::registerAll(Map<String,URL>):void, org.apache.commons.digester3.Digester::getRegistrations():Map<String,URL>]
org.apache.commons.digester3.Digester;[org.apache.commons.digester3.Digester::EntityResolver entityResolver, org.apache.commons.digester3.Digester::getXMLReader():XMLReader, org.apache.commons.digester3.Digester::XMLReader reader, org.apache.commons.digester3.Digester::ErrorHandler errorHandler, org.apache.commons.digester3.Digester::getErrorHandler():ErrorHandler]
org.apache.commons.digester3.Digester;[org.apache.commons.digester3.Digester::HashMap<String,Stack<Object>> stacksByName, org.apache.commons.digester3.Digester::isEmpty(String):boolean, org.apache.commons.digester3.Digester::StackAction stackAction, org.apache.commons.digester3.Digester::push(String, T):void, org.apache.commons.digester3.Digester::pop(String):T, org.apache.commons.digester3.Digester::peek(String, int):T, org.apache.commons.digester3.Digester::npeSafeCast(Object):T]
org.apache.commons.digester3.Digester;[org.apache.commons.digester3.Digester::SAXParser parser, org.apache.commons.digester3.Digester::getParser():SAXParser, org.apache.commons.digester3.Digester::getProperty(String):Object, org.apache.commons.digester3.Digester::setProperty(String, Object):void]
org.apache.commons.digester3.Digester;[org.apache.commons.digester3.Digester::getRuleNamespaceURI():java.lang.String, org.apache.commons.digester3.Digester::setRuleNamespaceURI(java.lang.String):void, org.apache.commons.digester3.Digester::getRules():org.apache.commons.digester3.Rules, org.apache.commons.digester3.Digester::setRules(org.apache.commons.digester3.Rules):void, org.apache.commons.digester3.Digester::addRule(java.lang.String, org.apache.commons.digester3.Rule):void, org.apache.commons.digester3.Digester::addFactoryCreate(java.lang.String, org.apache.commons.digester3.ObjectCreationFactory<?>, boolean):void]
org.apache.commons.digester3.ObjectCreateRule.DeferredConstructionCallback;[org.apache.commons.digester3.ObjectCreateRule.DeferredConstructionCallback::ArrayList<RecordedInvocation> invocations, org.apache.commons.digester3.ObjectCreateRule.DeferredConstructionCallback::Object delegate, org.apache.commons.digester3.ObjectCreateRule.DeferredConstructionCallback::intercept(Object, Method, Object[], MethodProxy):Object]
org.apache.commons.digester3.ParamBean;[org.apache.commons.digester3.ParamBean::String that, org.apache.commons.digester3.ParamBean::setThisAndThat(String, String):String, org.apache.commons.digester3.ParamBean::String _this]
org.apache.commons.digester3.SetNestedPropertiesRule.AnyChildRules;[org.apache.commons.digester3.SetNestedPropertiesRule.AnyChildRules::String matchPrefix, org.apache.commons.digester3.SetNestedPropertiesRule.AnyChildRules::init(String, Rules):void, org.apache.commons.digester3.SetNestedPropertiesRule.AnyChildRules::Rules decoratedRules]
org.apache.commons.digester3.SimpleTestBean;[org.apache.commons.digester3.SimpleTestBean::String alpha, org.apache.commons.digester3.SimpleTestBean::String beta, org.apache.commons.digester3.SimpleTestBean::setAlphaBeta(String, String):void]
org.apache.commons.digester3.binder.AbstractBackToLinkedRuleBuilder;[org.apache.commons.digester3.binder.AbstractBackToLinkedRuleBuilder::String keyPattern, org.apache.commons.digester3.binder.AbstractBackToLinkedRuleBuilder::reportError(String, String):void, org.apache.commons.digester3.binder.AbstractBackToLinkedRuleBuilder::RulesBinder mainBinder]
org.apache.commons.digester3.binder.AbstractParamTypeBuilder;[org.apache.commons.digester3.binder.AbstractParamTypeBuilder::boolean useExactMatch, org.apache.commons.digester3.binder.AbstractParamTypeBuilder::boolean fireOnBegin, org.apache.commons.digester3.binder.AbstractParamTypeBuilder::useExactMatch(boolean):org.apache.commons.digester3.binder.AbstractParamTypeBuilder<R>, org.apache.commons.digester3.binder.AbstractParamTypeBuilder::fireOnBegin(boolean):org.apache.commons.digester3.binder.AbstractParamTypeBuilder<R>]
org.apache.commons.digester3.binder.AbstractParamTypeBuilder;[org.apache.commons.digester3.binder.AbstractParamTypeBuilder::String methodName, org.apache.commons.digester3.binder.AbstractParamTypeBuilder::Class<?> paramType, org.apache.commons.digester3.binder.AbstractParamTypeBuilder::ClassLoader classLoader, org.apache.commons.digester3.binder.AbstractParamTypeBuilder::withParameterType(String):org.apache.commons.digester3.binder.AbstractParamTypeBuilder<R>, org.apache.commons.digester3.binder.AbstractParamTypeBuilder::withParameterType(Class<?>):org.apache.commons.digester3.binder.AbstractParamTypeBuilder<R>]
org.apache.commons.digester3.binder.CallMethodBuilder;[org.apache.commons.digester3.binder.CallMethodBuilder::int targetOffset, org.apache.commons.digester3.binder.CallMethodBuilder::withTargetOffset(int):org.apache.commons.digester3.binder.CallMethodBuilder, org.apache.commons.digester3.binder.CallMethodBuilder::boolean useExactMatch, org.apache.commons.digester3.binder.CallMethodBuilder::useExactMatch(boolean):org.apache.commons.digester3.binder.CallMethodBuilder]
org.apache.commons.digester3.binder.CallParamBuilder;[org.apache.commons.digester3.binder.CallParamBuilder::int stackIndex, org.apache.commons.digester3.binder.CallParamBuilder::boolean fromStack, org.apache.commons.digester3.binder.CallParamBuilder::fromStack(boolean):org.apache.commons.digester3.binder.CallParamBuilder, org.apache.commons.digester3.binder.CallParamBuilder::withStackIndex(int):org.apache.commons.digester3.binder.CallParamBuilder]
org.apache.commons.digester3.binder.CallParamBuilder;[org.apache.commons.digester3.binder.CallParamBuilder::int paramIndex, org.apache.commons.digester3.binder.CallParamBuilder::ofIndex(int):org.apache.commons.digester3.binder.CallParamBuilder, org.apache.commons.digester3.binder.CallParamBuilder::int stackIndex, org.apache.commons.digester3.binder.CallParamBuilder::boolean fromStack, org.apache.commons.digester3.binder.CallParamBuilder::fromStack(boolean):org.apache.commons.digester3.binder.CallParamBuilder, org.apache.commons.digester3.binder.CallParamBuilder::withStackIndex(int):org.apache.commons.digester3.binder.CallParamBuilder]
org.apache.commons.digester3.binder.DefaultRulesBinder;[org.apache.commons.digester3.binder.DefaultRulesBinder::List<ErrorMessage> errors, org.apache.commons.digester3.binder.DefaultRulesBinder::addError(ErrorMessage):void, org.apache.commons.digester3.binder.DefaultRulesBinder::addError(Throwable):void]
org.apache.commons.digester3.binder.FactoryCreateBuilder;[org.apache.commons.digester3.binder.FactoryCreateBuilder::ClassLoader classLoader, org.apache.commons.digester3.binder.FactoryCreateBuilder::ofType(String):org.apache.commons.digester3.binder.FactoryCreateBuilder, org.apache.commons.digester3.binder.FactoryCreateBuilder::Class<? extends ObjectCreationFactory<?>> type, org.apache.commons.digester3.binder.FactoryCreateBuilder::ofType(Class<? extends ObjectCreationFactory<?>>):org.apache.commons.digester3.binder.FactoryCreateBuilder]
org.apache.commons.digester3.binder.PluginCreateRuleBuilder;[org.apache.commons.digester3.binder.PluginCreateRuleBuilder::Map<String,String> pluginClassAttributes, org.apache.commons.digester3.binder.PluginCreateRuleBuilder::setPluginClassAttribute(String, String):org.apache.commons.digester3.binder.PluginCreateRuleBuilder, org.apache.commons.digester3.binder.PluginCreateRuleBuilder::addToMap(Map<String,String>, String, String):org.apache.commons.digester3.binder.PluginCreateRuleBuilder]
org.apache.commons.digester3.plugins.Declaration;[org.apache.commons.digester3.plugins.Declaration::boolean initialized, org.apache.commons.digester3.plugins.Declaration::RuleLoader ruleLoader, org.apache.commons.digester3.plugins.Declaration::configure(Digester, String):void]
org.apache.commons.digester3.plugins.Declaration;[org.apache.commons.digester3.plugins.Declaration::Class<?> pluginClass, org.apache.commons.digester3.plugins.Declaration::String pluginClassName, org.apache.commons.digester3.plugins.Declaration::String id, org.apache.commons.digester3.plugins.Declaration::init(Digester, PluginManager):void, org.apache.commons.digester3.plugins.Declaration::Properties properties, org.apache.commons.digester3.plugins.Declaration::setProperties(Properties):void]
org.apache.commons.digester3.plugins.PluginContext;[org.apache.commons.digester3.plugins.PluginContext::String pluginIdAttrNs, org.apache.commons.digester3.plugins.PluginContext::setPluginIdAttribute(String, String):void, org.apache.commons.digester3.plugins.PluginContext::String pluginIdAttr]
org.apache.commons.digester3.plugins.PluginContext;[org.apache.commons.digester3.plugins.PluginContext::String pluginClassAttrNs, org.apache.commons.digester3.plugins.PluginContext::setPluginClassAttribute(String, String):void, org.apache.commons.digester3.plugins.PluginContext::String pluginClassAttr]
org.apache.commons.digester3.Employee;[org.apache.commons.digester3.Employee::ArrayList<Address> addresses, org.apache.commons.digester3.Employee::addAddress(Address):void, org.apache.commons.digester3.Employee::getAddress(String):Address, org.apache.commons.digester3.Employee::removeAddress(Address):void]
org.apache.commons.digester3.TestBean;[org.apache.commons.digester3.TestBean::String[] stringIndexed, org.apache.commons.digester3.TestBean::getStringIndexed(int):String, org.apache.commons.digester3.TestBean::setStringIndexed(int, String):void]
org.apache.commons.digester3.TestBean;[org.apache.commons.digester3.TestBean::int[] intIndexed, org.apache.commons.digester3.TestBean::getIntIndexed(int):int, org.apache.commons.digester3.TestBean::setIntIndexed(int, int):void]
org.apache.commons.digester3.annotations.WithMemoryRulesBinder;[org.apache.commons.digester3.annotations.WithMemoryRulesBinder::Set<Class<?>> boundClasses, org.apache.commons.digester3.annotations.WithMemoryRulesBinder::markAsBound(Class<?>):boolean, org.apache.commons.digester3.annotations.WithMemoryRulesBinder::isAlreadyBound(Class<?>):boolean]
org.apache.commons.digester3.annotations.WithMemoryRulesBinder;[org.apache.commons.digester3.annotations.WithMemoryRulesBinder::RulesBinder wrappedRulesBinder, org.apache.commons.digester3.annotations.WithMemoryRulesBinder::getContextClassLoader():ClassLoader, org.apache.commons.digester3.annotations.WithMemoryRulesBinder::addError(String, Object...[]):void, org.apache.commons.digester3.annotations.WithMemoryRulesBinder::addError(Throwable):void, org.apache.commons.digester3.annotations.WithMemoryRulesBinder::install(RulesModule):void, org.apache.commons.digester3.annotations.WithMemoryRulesBinder::forPattern(String):LinkedRuleBuilder]
org.apache.commons.digester3.annotations.reflect.MethodArgument;[org.apache.commons.digester3.annotations.reflect.MethodArgument::Annotation[] annotations, org.apache.commons.digester3.annotations.reflect.MethodArgument::getAnnotation(Class<T>):T, org.apache.commons.digester3.annotations.reflect.MethodArgument::getAnnotationsArrayCopy():Annotation[], org.apache.commons.digester3.annotations.reflect.MethodArgument::isAnnotationPresent(Class<? extends Annotation>):boolean]
org.apache.commons.digester3.substitution.VariableExpansionTestCase;[org.apache.commons.digester3.substitution.VariableExpansionTestCase::HashMap<String,Object> mutableSource, org.apache.commons.digester3.substitution.VariableExpansionTestCase::addProperty(String, String):void, org.apache.commons.digester3.substitution.VariableExpansionTestCase::createDigesterThatCanDoAnt():Digester]
org.apache.commons.digester3.xmlrules.NameSpaceURIRulesBinder;[org.apache.commons.digester3.xmlrules.NameSpaceURIRulesBinder::RulesBinder wrappedBinder, org.apache.commons.digester3.xmlrules.NameSpaceURIRulesBinder::getContextClassLoader():ClassLoader, org.apache.commons.digester3.xmlrules.NameSpaceURIRulesBinder::addError(String, Object...[]):void, org.apache.commons.digester3.xmlrules.NameSpaceURIRulesBinder::addError(Throwable):void, org.apache.commons.digester3.xmlrules.NameSpaceURIRulesBinder::install(RulesModule):void]
org.apache.commons.digester3.xmlrules.ObjectTestImpl;[org.apache.commons.digester3.xmlrules.ObjectTestImpl::HashMap<String,String> mapValue, org.apache.commons.digester3.xmlrules.ObjectTestImpl::setMapValue(String, String):void, org.apache.commons.digester3.xmlrules.ObjectTestImpl::getMapValue(String):String]
org.apache.commons.digester3.xmlrules.PrefixedRulesBinder;[org.apache.commons.digester3.xmlrules.PrefixedRulesBinder::RulesBinder wrappedRulesBinder, org.apache.commons.digester3.xmlrules.PrefixedRulesBinder::getContextClassLoader():ClassLoader, org.apache.commons.digester3.xmlrules.PrefixedRulesBinder::addError(String, Object...[]):void, org.apache.commons.digester3.xmlrules.PrefixedRulesBinder::addError(Throwable):void, org.apache.commons.digester3.xmlrules.PrefixedRulesBinder::install(RulesModule):void]
org.apache.commons.digester3.rss.TextInput;[org.apache.commons.digester3.rss.TextInput::String description, org.apache.commons.digester3.rss.TextInput::getDescription():String, org.apache.commons.digester3.rss.TextInput::render(PrintWriter):void, org.apache.commons.digester3.rss.TextInput::String link, org.apache.commons.digester3.rss.TextInput::getLink():String, org.apache.commons.digester3.rss.TextInput::String name, org.apache.commons.digester3.rss.TextInput::getName():String]
org.apache.commons.digester3.substitution.VariableAttributes;[org.apache.commons.digester3.substitution.VariableAttributes::ArrayList<String> values, org.apache.commons.digester3.substitution.VariableAttributes::VariableExpander expander, org.apache.commons.digester3.substitution.VariableAttributes::init(Attributes, VariableExpander):void, org.apache.commons.digester3.substitution.VariableAttributes::getValue(int):String, org.apache.commons.digester3.substitution.VariableAttributes::getValue(String):String, org.apache.commons.digester3.substitution.VariableAttributes::getValue(String, String):String]
org.apache.commons.digester3.substitution.VariableAttributes;[org.apache.commons.digester3.substitution.VariableAttributes::ArrayList<String> values, org.apache.commons.digester3.substitution.VariableAttributes::VariableExpander expander, org.apache.commons.digester3.substitution.VariableAttributes::init(Attributes, VariableExpander):void, org.apache.commons.digester3.substitution.VariableAttributes::getValue(int):String]
org.apache.commons.digester3.rss.Item;[org.apache.commons.digester3.rss.Item::String description, org.apache.commons.digester3.rss.Item::getDescription():String, org.apache.commons.digester3.rss.Item::render(PrintWriter):void, org.apache.commons.digester3.rss.Item::String link, org.apache.commons.digester3.rss.Item::getLink():String]
org.apache.commons.digester3.xmlrules.FromXmlRulesModule;[org.apache.commons.digester3.xmlrules.FromXmlRulesModule::loadXMLRules(java.io.InputStream):void, org.apache.commons.digester3.xmlrules.FromXmlRulesModule::loadXMLRules(java.io.Reader):void, org.apache.commons.digester3.xmlrules.FromXmlRulesModule::loadXMLRules(java.net.URL):void, org.apache.commons.digester3.xmlrules.FromXmlRulesModule::loadXMLRules(java.io.File):void, org.apache.commons.digester3.xmlrules.FromXmlRulesModule::loadXMLRules(java.lang.String):void, org.apache.commons.digester3.xmlrules.FromXmlRulesModule::loadXMLRulesFromText(java.lang.String):void]
org.apache.commons.digester3.ObjectCreateRule.ProxyManager;[org.apache.commons.digester3.ObjectCreateRule.ProxyManager::Class<?> clazz, org.apache.commons.digester3.ObjectCreateRule.ProxyManager::Constructor<?> constructor, org.apache.commons.digester3.ObjectCreateRule.ProxyManager::Object[] templateConstructorArguments, org.apache.commons.digester3.ObjectCreateRule.ProxyManager::Factory factory, org.apache.commons.digester3.ObjectCreateRule.ProxyManager::createProxy():Object]
org.apache.commons.digester3.rss.Image;[org.apache.commons.digester3.rss.Image::String description, org.apache.commons.digester3.rss.Image::getDescription():String, org.apache.commons.digester3.rss.Image::render(PrintWriter):void, org.apache.commons.digester3.rss.Image::String link, org.apache.commons.digester3.rss.Image::getLink():String, org.apache.commons.digester3.rss.Image::String title, org.apache.commons.digester3.rss.Image::getTitle():String, org.apache.commons.digester3.rss.Image::String url, org.apache.commons.digester3.rss.Image::getURL():String]
